time,corridor_id,demand
0,KWN,39.0
1,KWN,39.0
2,KWN,38.0
3,KWN,38.0
4,KWN,38.0
5,KWN,38.0
6,KWN,38.0
7,KWN,38.0
8,KWN,38.0
9,KWN,38.0
10,KWN,39.0
11,KWN,39.0
12,KWN,39.0
13,KWN,39.0
14,KWN,39.0
15,KWN,39.0
16,KWN,39.0
17,KWN,39.0
18,KWN,39.0
19,KWN,39.0
20,KWN,39.0
21,KWN,39.0
22,KWN,39.0
23,KWN,39.0
24,KWN,39.0
25,KWN,40.0
26,KWN,40.0
27,KWN,40.0
28,KWN,39.0
29,KWN,39.0
30,KWN,39.0
31,KWN,39.0
32,KWN,39.0
33,KWN,39.0
34,KWN,39.0
35,KWN,39.0
36,KWN,39.0
37,KWN,39.0
38,KWN,39.0
39,KWN,39.0
40,KWN,39.0
41,KWN,39.0
42,KWN,39.0
43,KWN,39.0
44,KWN,39.0
45,KWN,40.0
46,KWN,40.0
47,KWN,40.0
48,KWN,40.0
49,KWN,40.0
50,KWN,39.0
51,KWN,39.0
52,KWN,40.0
53,KWN,40.0
54,KWN,40.0
55,KWN,40.0
56,KWN,40.0
57,KWN,40.0
58,KWN,40.0
59,KWN,40.0
60,KWN,40.0
0,H500,500.0
1,H500,494.0
2,H500,487.0
3,H500,481.0
4,H500,474.0
5,H500,467.0
6,H500,461.0
7,H500,454.0
8,H500,448.0
9,H500,441.0
10,H500,434.0
11,H500,428.0
12,H500,421.0
13,H500,415.0
14,H500,408.0
15,H500,401.0
16,H500,395.0
17,H500,388.0
18,H500,382.0
19,H500,375.0
20,H500,369.0
21,H500,362.0
22,H500,356.0
23,H500,349.0
24,H500,343.0
25,H500,336.0
26,H500,330.0
27,H500,323.0
28,H500,317.0
29,H500,310.0
30,H500,303.0
31,H500,302.0
32,H500,301.0
33,H500,300.0
34,H500,298.0
35,H500,297.0
36,H500,296.0
37,H500,295.0
38,H500,293.0
39,H500,292.0
40,H500,291.0
41,H500,290.0
42,H500,288.0
43,H500,287.0
44,H500,286.0
45,H500,284.0
46,H500,284.0
47,H500,284.0
48,H500,284.0
49,H500,284.0
50,H500,284.0
51,H500,284.0
52,H500,284.0
53,H500,284.0
54,H500,284.0
55,H500,284.0
56,H500,284.0
57,H500,284.0
58,H500,284.0
59,H500,284.0
60,H500,284.0
0,H549,467.0
1,H549,462.0
2,H549,456.0
3,H549,450.0
4,H549,445.0
5,H549,439.0
6,H549,433.0
7,H549,427.0
8,H549,422.0
9,H549,416.0
10,H549,410.0
11,H549,404.0
12,H549,399.0
13,H549,393.0
14,H549,387.0
15,H549,381.0
16,H549,379.0
17,H549,377.0
18,H549,374.0
19,H549,372.0
20,H549,370.0
21,H549,367.0
22,H549,365.0
23,H549,363.0
24,H549,360.0
25,H549,358.0
26,H549,356.0
27,H549,353.0
28,H549,351.0
29,H549,349.0
30,H549,346.0
31,H549,339.0
32,H549,331.0
33,H549,324.0
34,H549,316.0
35,H549,309.0
36,H549,301.0
37,H549,294.0
38,H549,286.0
39,H549,279.0
40,H549,271.0
41,H549,264.0
42,H549,256.0
43,H549,249.0
44,H549,241.0
45,H549,233.0
46,H549,234.0
47,H549,234.0
48,H549,234.0
49,H549,235.0
50,H549,235.0
51,H549,235.0
52,H549,235.0
53,H549,236.0
54,H549,236.0
55,H549,236.0
56,H549,236.0
57,H549,237.0
58,H549,237.0
59,H549,237.0
60,H549,237.0
0,H617,175.0
1,H617,175.0
2,H617,175.0
3,H617,175.0
4,H617,175.0
5,H617,175.0
6,H617,175.0
7,H617,175.0
8,H617,174.0
9,H617,174.0
10,H617,174.0
11,H617,174.0
12,H617,174.0
13,H617,174.0
14,H617,174.0
15,H617,173.0
16,H617,175.0
17,H617,176.0
18,H617,178.0
19,H617,179.0
20,H617,181.0
21,H617,182.0
22,H617,184.0
23,H617,185.0
24,H617,187.0
25,H617,188.0
26,H617,190.0
27,H617,191.0
28,H617,193.0
29,H617,194.0
30,H617,195.0
31,H617,196.0
32,H617,196.0
33,H617,196.0
34,H617,197.0
35,H617,197.0
36,H617,197.0
37,H617,198.0
38,H617,198.0
39,H617,198.0
40,H617,199.0
41,H617,199.0
42,H617,199.0
43,H617,200.0
44,H617,200.0
45,H617,200.0
46,H617,199.0
47,H617,197.0
48,H617,195.0
49,H617,194.0
50,H617,192.0
51,H617,190.0
52,H617,188.0
53,H617,187.0
54,H617,185.0
55,H617,183.0
56,H617,181.0
57,H617,180.0
58,H617,178.0
59,H617,176.0
60,H617,174.0
0,H547,204.0
1,H547,200.0
2,H547,195.0
3,H547,191.0
4,H547,186.0
5,H547,181.0
6,H547,177.0
7,H547,172.0
8,H547,168.0
9,H547,163.0
10,H547,158.0
11,H547,154.0
12,H547,149.0
13,H547,145.0
14,H547,140.0
15,H547,135.0
16,H547,135.0
17,H547,135.0
18,H547,134.0
19,H547,134.0
20,H547,134.0
21,H547,133.0
22,H547,133.0
23,H547,133.0
24,H547,132.0
25,H547,132.0
26,H547,132.0
27,H547,131.0
28,H547,131.0
29,H547,131.0
30,H547,130.0
31,H547,129.0
32,H547,127.0
33,H547,125.0
34,H547,124.0
35,H547,122.0
36,H547,120.0
37,H547,118.0
38,H547,117.0
39,H547,115.0
40,H547,113.0
41,H547,111.0
42,H547,110.0
43,H547,108.0
44,H547,106.0
45,H547,104.0
46,H547,104.0
47,H547,103.0
48,H547,102.0
49,H547,101.0
50,H547,100.0
51,H547,99.0
52,H547,98.0
53,H547,98.0
54,H547,97.0
55,H547,96.0
56,H547,95.0
57,H547,94.0
58,H547,93.0
59,H547,92.0
60,H547,91.0
0,H553,50.0
1,H553,50.0
2,H553,50.0
3,H553,50.0
4,H553,50.0
5,H553,50.0
6,H553,50.0
7,H553,50.0
8,H553,50.0
9,H553,50.0
10,H553,50.0
11,H553,50.0
12,H553,50.0
13,H553,50.0
14,H553,50.0
15,H553,49.0
16,H553,48.0
17,H553,47.0
18,H553,46.0
19,H553,45.0
20,H553,44.0
21,H553,43.0
22,H553,42.0
23,H553,40.0
24,H553,39.0
25,H553,38.0
26,H553,37.0
27,H553,36.0
28,H553,35.0
29,H553,34.0
30,H553,32.0
31,H553,32.0
32,H553,32.0
33,H553,32.0
34,H553,32.0
35,H553,32.0
36,H553,32.0
37,H553,32.0
38,H553,31.0
39,H553,31.0
40,H553,31.0
41,H553,31.0
42,H553,31.0
43,H553,31.0
44,H553,31.0
45,H553,30.0
46,H553,31.0
47,H553,31.0
48,H553,31.0
49,H553,32.0
50,H553,32.0
51,H553,32.0
52,H553,32.0
53,H553,33.0
54,H553,33.0
55,H553,33.0
56,H553,33.0
57,H553,34.0
58,H553,34.0
59,H553,34.0
60,H553,34.0
0,H554,72.0
1,H554,72.0
2,H554,72.0
3,H554,72.0
4,H554,72.0
5,H554,72.0
6,H554,72.0
7,H554,72.0
8,H554,71.0
9,H554,71.0
10,H554,71.0
11,H554,71.0
12,H554,71.0
13,H554,71.0
14,H554,71.0
15,H554,70.0
16,H554,71.0
17,H554,71.0
18,H554,71.0
19,H554,72.0
20,H554,72.0
21,H554,72.0
22,H554,72.0
23,H554,73.0
24,H554,73.0
25,H554,73.0
26,H554,73.0
27,H554,74.0
28,H554,74.0
29,H554,74.0
30,H554,74.0
31,H554,77.0
32,H554,79.0
33,H554,81.0
34,H554,84.0
35,H554,86.0
36,H554,88.0
37,H554,90.0
38,H554,93.0
39,H554,95.0
40,H554,97.0
41,H554,99.0
42,H554,102.0
43,H554,104.0
44,H554,106.0
45,H554,108.0
46,H554,107.0
47,H554,105.0
48,H554,104.0
49,H554,102.0
50,H554,101.0
51,H554,99.0
52,H554,98.0
53,H554,96.0
54,H554,95.0
55,H554,93.0
56,H554,92.0
57,H554,90.0
58,H554,89.0
59,H554,87.0
60,H554,85.0
0,H622,111.0
1,H622,112.0
2,H622,113.0
3,H622,114.0
4,H622,115.0
5,H622,116.0
6,H622,117.0
7,H622,118.0
8,H622,119.0
9,H622,120.0
10,H622,121.0
11,H622,122.0
12,H622,123.0
13,H622,124.0
14,H622,125.0
15,H622,126.0
16,H622,126.0
17,H622,126.0
18,H622,126.0
19,H622,126.0
20,H622,126.0
21,H622,126.0
22,H622,126.0
23,H622,126.0
24,H622,126.0
25,H622,126.0
26,H622,126.0
27,H622,126.0
28,H622,126.0
29,H622,126.0
30,H622,126.0
31,H622,127.0
32,H622,127.0
33,H622,127.0
34,H622,128.0
35,H622,128.0
36,H622,128.0
37,H622,129.0
38,H622,129.0
39,H622,129.0
40,H622,130.0
41,H622,130.0
42,H622,130.0
43,H622,131.0
44,H622,131.0
45,H622,131.0
46,H622,131.0
47,H622,130.0
48,H622,130.0
49,H622,129.0
50,H622,128.0
51,H622,128.0
52,H622,127.0
53,H622,127.0
54,H622,126.0
55,H622,125.0
56,H622,125.0
57,H622,124.0
58,H622,124.0
59,H622,123.0
60,H622,122.0
0,H558,113.0
1,H558,114.0
2,H558,115.0
3,H558,116.0
4,H558,117.0
5,H558,118.0
6,H558,119.0
7,H558,120.0
8,H558,120.0
9,H558,121.0
10,H558,122.0
11,H558,123.0
12,H558,124.0
13,H558,125.0
14,H558,126.0
15,H558,126.0
16,H558,125.0
17,H558,124.0
18,H558,123.0
19,H558,122.0
20,H558,121.0
21,H558,120.0
22,H558,119.0
23,H558,118.0
24,H558,117.0
25,H558,116.0
26,H558,115.0
27,H558,114.0
28,H558,113.0
29,H558,112.0
30,H558,110.0
31,H558,111.0
32,H558,111.0
33,H558,111.0
34,H558,111.0
35,H558,111.0
36,H558,112.0
37,H558,112.0
38,H558,112.0
39,H558,112.0
40,H558,112.0
41,H558,113.0
42,H558,113.0
43,H558,113.0
44,H558,113.0
45,H558,113.0
46,H558,113.0
47,H558,113.0
48,H558,112.0
49,H558,112.0
50,H558,112.0
51,H558,111.0
52,H558,111.0
53,H558,111.0
54,H558,110.0
55,H558,110.0
56,H558,110.0
57,H558,109.0
58,H558,109.0
59,H558,109.0
60,H558,108.0
